question	gold_sentence	answer	verbosity_control	llm_model_question	llm_model_answer	length_ratio	rouge_scores	bert_scores	similarity
What type of engine powered the Morane-Saulnier MS.315?	The MS.315 is a parasol-wing monoplane with a tailwheel, with divided main landing gear, and powered by a 135hp (101kW) Salmson 9Nc radial engine.	A Salmson 9-cylinder radial engine.	Answer the following question.	gemini-2.0-flash	gemini-2.0-flash	0.20833333333333334	{'rouge2': {'f1': 0.06666666666666667, 'precision': 0.2, 'recall': 0.04}, 'rougeL': {'f1': 0.25, 'precision': 0.6666666666666666, 'recall': 0.15384615384615385}}	{'precision': 0.46701908111572266, 'recall': -0.005540031008422375, 'f1': 0.22118815779685974}	0.28976074556509657
What type of engine powered the Morane-Saulnier MS.315?	The MS.315 is a parasol-wing monoplane with a tailwheel, with divided main landing gear, and powered by a 135hp (101kW) Salmson 9Nc radial engine.	Salmson 9AB radial engine.	Answer the following question with a concise answer.	gemini-2.0-flash	gemini-2.0-flash	0.16666666666666666	{'rouge2': {'f1': 0.07142857142857142, 'precision': 0.3333333333333333, 'recall': 0.04}, 'rougeL': {'f1': 0.19999999999999998, 'precision': 0.75, 'recall': 0.11538461538461539}}	{'precision': 0.4400535225868225, 'recall': -0.06166795268654823, 'f1': 0.1782369613647461}	0.2524518140157064
What type of engine powered the Morane-Saulnier MS.315?	The MS.315 is a parasol-wing monoplane with a tailwheel, with divided main landing gear, and powered by a 135hp (101kW) Salmson 9Nc radial engine.	Salmson 9AB radial engine.	Directly answer the following question.	gemini-2.0-flash	gemini-2.0-flash	0.16666666666666666	{'rouge2': {'f1': 0.07142857142857142, 'precision': 0.3333333333333333, 'recall': 0.04}, 'rougeL': {'f1': 0.19999999999999998, 'precision': 0.75, 'recall': 0.11538461538461539}}	{'precision': 0.4400535225868225, 'recall': -0.06166795268654823, 'f1': 0.1782369613647461}	0.2524518140157064
What type of engine powered the Morane-Saulnier MS.315?	The MS.315 is a parasol-wing monoplane with a tailwheel, with divided main landing gear, and powered by a 135hp (101kW) Salmson 9Nc radial engine.	Salmson 9Ab radial engine.	Answer the following question without unnecessary details.	gemini-2.0-flash	gemini-2.0-flash	0.16666666666666666	{'rouge2': {'f1': 0.07142857142857142, 'precision': 0.3333333333333333, 'recall': 0.04}, 'rougeL': {'f1': 0.19999999999999998, 'precision': 0.75, 'recall': 0.11538461538461539}}	{'precision': 0.43815141916275024, 'recall': -0.06998896598815918, 'f1': 0.17280498147010803}	0.24973582406838737
What type of engine powered the Morane-Saulnier MS.315?	The MS.315 is a parasol-wing monoplane with a tailwheel, with divided main landing gear, and powered by a 135hp (101kW) Salmson 9Nc radial engine.	Salmson 9Ab radial engine.	Answer the following question. Keep your answer short.	gemini-2.0-flash	gemini-2.0-flash	0.16666666666666666	{'rouge2': {'f1': 0.07142857142857142, 'precision': 0.3333333333333333, 'recall': 0.04}, 'rougeL': {'f1': 0.19999999999999998, 'precision': 0.75, 'recall': 0.11538461538461539}}	{'precision': 0.43815141916275024, 'recall': -0.06998896598815918, 'f1': 0.17280498147010803}	0.24973582406838737
What conflicts did Teun Voeten cover as a war correspondent?	In the following years, he became a full-time war correspondent, covering the conflicts Haiti, Rwanda, Colombia, Afghanistan, Sierra leone and Sudan for publications in Holland, Belgium Germany and the USA.	Teun Voeten has covered numerous conflicts as a war correspondent, including:  *   **The former Yugoslavia (Bosnia, Kosovo):** He extensively covered the wars in the Balkans during the 1990s. *   **Sierra Leone:** He documented the brutal civil war in Sierra Leone. *   **Liberia:** He reported on the conflict in Liberia. *   **Rwanda:** He covered the aftermath of the Rwandan genocide. *   **Afghanistan:** He has reported from Afghanistan on multiple occasions. *   **Iraq:** He covered the Iraq War. *   **Colombia:** He has reported on the conflict in Colombia. *   **Mexico:** He has covered the drug war in Mexico. *   **Syria:** He has reported on the Syrian Civil War. *   **The Israeli-Palestinian conflict:** He has covered the conflict in the region. *   **The Democratic Republic of Congo:** He has reported on the conflict in the DRC.	Answer the following question.	gemini-2.0-flash	gemini-2.0-flash	4.433333333333334	{'rouge2': {'f1': 0.06578947368421052, 'precision': 0.040983606557377046, 'recall': 0.16666666666666666}, 'rougeL': {'f1': 0.12987012987012989, 'precision': 0.08130081300813008, 'recall': 0.3225806451612903}}	{'precision': -0.3100610077381134, 'recall': 0.07124999165534973, 'f1': -0.12511327862739563}	0.0
What conflicts did Teun Voeten cover as a war correspondent?	In the following years, he became a full-time war correspondent, covering the conflicts Haiti, Rwanda, Colombia, Afghanistan, Sierra leone and Sudan for publications in Holland, Belgium Germany and the USA.	Teun Voeten covered conflicts in Sierra Leone, Liberia, Afghanistan, Rwanda, and the Balkans, among others.	Answer the following question with a concise answer.	gemini-2.0-flash	gemini-2.0-flash	0.5	{'rouge2': {'f1': 0.09090909090909091, 'precision': 0.14285714285714285, 'recall': 0.06666666666666667}, 'rougeL': {'f1': 0.26086956521739135, 'precision': 0.4, 'recall': 0.1935483870967742}}	{'precision': 0.20232179760932922, 'recall': 0.24216607213020325, 'f1': 0.22343145310878754}	0.2660635526413503
What conflicts did Teun Voeten cover as a war correspondent?	In the following years, he became a full-time war correspondent, covering the conflicts Haiti, Rwanda, Colombia, Afghanistan, Sierra leone and Sudan for publications in Holland, Belgium Germany and the USA.	Teun Voeten covered conflicts in Sierra Leone, Liberia, Afghanistan, Iraq, Rwanda, and the Balkans.	Directly answer the following question.	gemini-2.0-flash	gemini-2.0-flash	0.4666666666666667	{'rouge2': {'f1': 0.09302325581395349, 'precision': 0.15384615384615385, 'recall': 0.06666666666666667}, 'rougeL': {'f1': 0.26666666666666666, 'precision': 0.42857142857142855, 'recall': 0.1935483870967742}}	{'precision': 0.22003047168254852, 'recall': 0.2330583781003952, 'f1': 0.22779299318790436}	0.2738964965939522
What conflicts did Teun Voeten cover as a war correspondent?	In the following years, he became a full-time war correspondent, covering the conflicts Haiti, Rwanda, Colombia, Afghanistan, Sierra leone and Sudan for publications in Holland, Belgium Germany and the USA.	Teun Voeten covered conflicts in Sierra Leone, Liberia, Afghanistan, Iraq, Rwanda, and the Balkans.	Answer the following question without unnecessary details.	gemini-2.0-flash	gemini-2.0-flash	0.4666666666666667	{'rouge2': {'f1': 0.09302325581395349, 'precision': 0.15384615384615385, 'recall': 0.06666666666666667}, 'rougeL': {'f1': 0.26666666666666666, 'precision': 0.42857142857142855, 'recall': 0.1935483870967742}}	{'precision': 0.22003047168254852, 'recall': 0.2330583781003952, 'f1': 0.22779299318790436}	0.2738964965939522
What conflicts did Teun Voeten cover as a war correspondent?	In the following years, he became a full-time war correspondent, covering the conflicts Haiti, Rwanda, Colombia, Afghanistan, Sierra leone and Sudan for publications in Holland, Belgium Germany and the USA.	Teun Voeten covered conflicts in Sierra Leone, Liberia, Afghanistan, Rwanda, and Chechnya.	Answer the following question. Keep your answer short.	gemini-2.0-flash	gemini-2.0-flash	0.4	{'rouge2': {'f1': 0.04878048780487805, 'precision': 0.09090909090909091, 'recall': 0.03333333333333333}, 'rougeL': {'f1': 0.2325581395348837, 'precision': 0.4166666666666667, 'recall': 0.16129032258064516}}	{'precision': 0.14200298488140106, 'recall': 0.21287061274051666, 'f1': 0.17852972447872162}	0.2422881180533143
What was Robert Grosseteste's opinion of Margaret de Quincy's status as Countess of Lincoln?	Among these included Robert Grosseteste, Bishop of Lincoln, the most significant intellectual in England at the time who recognised Margaret's position as Countess of Lincoln to be legitimate and important, and he viewed Margaret as both patron and peer.	There's no readily available historical record of Robert Grosseteste explicitly stating his opinion on Margaret de Quincy's status as Countess of Lincoln. Historians haven't uncovered letters or documents where he directly addresses or comments on her title.  Therefore, the most accurate answer is: **There is no known record of Robert Grosseteste expressing an opinion on Margaret de Quincy's status as Countess of Lincoln.**	Answer the following question.	gemini-2.0-flash	gemini-2.0-flash	1.6153846153846154	{'rouge2': {'f1': 0.1142857142857143, 'precision': 0.09090909090909091, 'recall': 0.15384615384615385}, 'rougeL': {'f1': 0.22429906542056072, 'precision': 0.1791044776119403, 'recall': 0.3}}	{'precision': 0.15268833935260773, 'recall': 0.2290436029434204, 'f1': 0.1918986737728119}	0.1241305015161687
What was Robert Grosseteste's opinion of Margaret de Quincy's status as Countess of Lincoln?	Among these included Robert Grosseteste, Bishop of Lincoln, the most significant intellectual in England at the time who recognised Margaret's position as Countess of Lincoln to be legitimate and important, and he viewed Margaret as both patron and peer.	Robert Grosseteste supported Margaret de Quincy's claim to the Countess of Lincoln title.	Answer the following question with a concise answer.	gemini-2.0-flash	gemini-2.0-flash	0.3333333333333333	{'rouge2': {'f1': 0.11538461538461538, 'precision': 0.23076923076923078, 'recall': 0.07692307692307693}, 'rougeL': {'f1': 0.25925925925925924, 'precision': 0.5, 'recall': 0.175}}	{'precision': 0.48050543665885925, 'recall': 0.23489278554916382, 'f1': 0.3558925986289978}	0.3483166696848693
What was Robert Grosseteste's opinion of Margaret de Quincy's status as Countess of Lincoln?	Among these included Robert Grosseteste, Bishop of Lincoln, the most significant intellectual in England at the time who recognised Margaret's position as Countess of Lincoln to be legitimate and important, and he viewed Margaret as both patron and peer.	Robert Grosseteste supported Margaret de Quincy's claim to the title of Countess of Lincoln.	Directly answer the following question.	gemini-2.0-flash	gemini-2.0-flash	0.358974358974359	{'rouge2': {'f1': 0.11320754716981134, 'precision': 0.21428571428571427, 'recall': 0.07692307692307693}, 'rougeL': {'f1': 0.2545454545454546, 'precision': 0.4666666666666667, 'recall': 0.175}}	{'precision': 0.497420996427536, 'recall': 0.24118871986865997, 'f1': 0.36723440885543823}	0.349537950348465
What was Robert Grosseteste's opinion of Margaret de Quincy's status as Countess of Lincoln?	Among these included Robert Grosseteste, Bishop of Lincoln, the most significant intellectual in England at the time who recognised Margaret's position as Countess of Lincoln to be legitimate and important, and he viewed Margaret as both patron and peer.	Robert Grosseteste supported Margaret de Quincy's claim as Countess of Lincoln.	Answer the following question without unnecessary details.	gemini-2.0-flash	gemini-2.0-flash	0.28205128205128205	{'rouge2': {'f1': 0.16, 'precision': 0.36363636363636365, 'recall': 0.10256410256410256}, 'rougeL': {'f1': 0.30769230769230765, 'precision': 0.6666666666666666, 'recall': 0.2}}	{'precision': 0.48949843645095825, 'recall': 0.23594015836715698, 'f1': 0.36071962118148804}	0.3752316054625389
What was Robert Grosseteste's opinion of Margaret de Quincy's status as Countess of Lincoln?	Among these included Robert Grosseteste, Bishop of Lincoln, the most significant intellectual in England at the time who recognised Margaret's position as Countess of Lincoln to be legitimate and important, and he viewed Margaret as both patron and peer.	Robert Grosseteste supported Margaret de Quincy's claim to the title Countess of Lincoln.	Answer the following question. Keep your answer short.	gemini-2.0-flash	gemini-2.0-flash	0.3333333333333333	{'rouge2': {'f1': 0.11538461538461538, 'precision': 0.23076923076923078, 'recall': 0.07692307692307693}, 'rougeL': {'f1': 0.25925925925925924, 'precision': 0.5, 'recall': 0.175}}	{'precision': 0.5021718144416809, 'recall': 0.229864239692688, 'f1': 0.36355093121528625}	0.3521458359780135
What did China acquire from Ukraine that was related to the Su-33 program?	However, worries over other Chinese intentions emerged when it was reported that China had acquired one of the T-10Ks, an Su-33 prototype, from Ukraine, potentially to study and reverse engineer a domestic version.	China acquired the T-10K-3 prototype of the Su-33 from Ukraine.	Answer the following question.	gemini-2.0-flash	gemini-2.0-flash	0.30303030303030304	{'rouge2': {'f1': 0.2173913043478261, 'precision': 0.4166666666666667, 'recall': 0.14705882352941177}, 'rougeL': {'f1': 0.37499999999999994, 'precision': 0.6923076923076923, 'recall': 0.2571428571428571}}	{'precision': 0.6350442171096802, 'recall': 0.265269935131073, 'f1': 0.444705069065094}	0.4420495042295167
What did China acquire from Ukraine that was related to the Su-33 program?	However, worries over other Chinese intentions emerged when it was reported that China had acquired one of the T-10Ks, an Su-33 prototype, from Ukraine, potentially to study and reverse engineer a domestic version.	An unfinished Su-33 carrier prototype, the Varyag aircraft carrier (later renamed Liaoning).	Answer the following question with a concise answer.	gemini-2.0-flash	gemini-2.0-flash	0.36363636363636365	{'rouge2': {'f1': 0.04347826086956522, 'precision': 0.08333333333333333, 'recall': 0.029411764705882353}, 'rougeL': {'f1': 0.16666666666666666, 'precision': 0.3076923076923077, 'recall': 0.11428571428571428}}	{'precision': 0.10708513110876083, 'recall': 0.05305582657456398, 'f1': 0.08141831308603287}	0.17101218684604674
What did China acquire from Ukraine that was related to the Su-33 program?	However, worries over other Chinese intentions emerged when it was reported that China had acquired one of the T-10Ks, an Su-33 prototype, from Ukraine, potentially to study and reverse engineer a domestic version.	China acquired the T-10K-3 prototype of the Su-33 from Ukraine.	Directly answer the following question.	gemini-2.0-flash	gemini-2.0-flash	0.30303030303030304	{'rouge2': {'f1': 0.2173913043478261, 'precision': 0.4166666666666667, 'recall': 0.14705882352941177}, 'rougeL': {'f1': 0.37499999999999994, 'precision': 0.6923076923076923, 'recall': 0.2571428571428571}}	{'precision': 0.6350442171096802, 'recall': 0.265269935131073, 'f1': 0.444705069065094}	0.4420495042295167
What did China acquire from Ukraine that was related to the Su-33 program?	However, worries over other Chinese intentions emerged when it was reported that China had acquired one of the T-10Ks, an Su-33 prototype, from Ukraine, potentially to study and reverse engineer a domestic version.	An unfinished Su-33 prototype, the T-10K-3.	Answer the following question without unnecessary details.	gemini-2.0-flash	gemini-2.0-flash	0.18181818181818182	{'rouge2': {'f1': 0.19047619047619047, 'precision': 0.5, 'recall': 0.11764705882352941}, 'rougeL': {'f1': 0.1818181818181818, 'precision': 0.4444444444444444, 'recall': 0.11428571428571428}}	{'precision': 0.5005364418029785, 'recall': 0.16174612939357758, 'f1': 0.3267800509929657}	0.3179354800419374
What did China acquire from Ukraine that was related to the Su-33 program?	However, worries over other Chinese intentions emerged when it was reported that China had acquired one of the T-10Ks, an Su-33 prototype, from Ukraine, potentially to study and reverse engineer a domestic version.	An unfinished Su-33 prototype, the T-10K-3.	Answer the following question. Keep your answer short.	gemini-2.0-flash	gemini-2.0-flash	0.18181818181818182	{'rouge2': {'f1': 0.19047619047619047, 'precision': 0.5, 'recall': 0.11764705882352941}, 'rougeL': {'f1': 0.1818181818181818, 'precision': 0.4444444444444444, 'recall': 0.11428571428571428}}	{'precision': 0.5005364418029785, 'recall': 0.16174612939357758, 'f1': 0.3267800509929657}	0.3179354800419374
Where did The Call-Up record their self-titled EP?	"In March of 2005, with the help of former Super Friend, Charles Austin, The Call-Up recorded their self titled ep as ""Undecided"" in Halifax, Nova Scotia in Austin's Ultramagnetic Studio."	The Call-Up recorded their self-titled EP at Studio Unknown in Seattle.	Answer the following question.	gemini-2.0-flash	gemini-2.0-flash	0.36666666666666664	{'rouge2': {'f1': 0.3255813953488372, 'precision': 0.5833333333333334, 'recall': 0.22580645161290322}, 'rougeL': {'f1': 0.4, 'precision': 0.6923076923076923, 'recall': 0.28125}}	{'precision': 0.4642067849636078, 'recall': 0.1738392561674118, 'f1': 0.31611740589141846}	0.3813920362790426
Where did The Call-Up record their self-titled EP?	"In March of 2005, with the help of former Super Friend, Charles Austin, The Call-Up recorded their self titled ep as ""Undecided"" in Halifax, Nova Scotia in Austin's Ultramagnetic Studio."	The Call-Up recorded their self-titled EP at Studio 4 in Conshohocken, PA.	Answer the following question with a concise answer.	gemini-2.0-flash	gemini-2.0-flash	0.4	{'rouge2': {'f1': 0.3181818181818182, 'precision': 0.5384615384615384, 'recall': 0.22580645161290322}, 'rougeL': {'f1': 0.391304347826087, 'precision': 0.6428571428571429, 'recall': 0.28125}}	{'precision': 0.1883823126554489, 'recall': 0.18622809648513794, 'f1': 0.18862521648406982}	0.3108343473724697
Where did The Call-Up record their self-titled EP?	"In March of 2005, with the help of former Super Friend, Charles Austin, The Call-Up recorded their self titled ep as ""Undecided"" in Halifax, Nova Scotia in Austin's Ultramagnetic Studio."	They recorded their self-titled EP at Studio 13.	Directly answer the following question.	gemini-2.0-flash	gemini-2.0-flash	0.26666666666666666	{'rouge2': {'f1': 0.20512820512820512, 'precision': 0.5, 'recall': 0.12903225806451613}, 'rougeL': {'f1': 0.29268292682926833, 'precision': 0.6666666666666666, 'recall': 0.1875}}	{'precision': 0.4729638397693634, 'recall': 0.10195786505937576, 'f1': 0.2820316255092621}	0.3314223168196717
Where did The Call-Up record their self-titled EP?	"In March of 2005, with the help of former Super Friend, Charles Austin, The Call-Up recorded their self titled ep as ""Undecided"" in Halifax, Nova Scotia in Austin's Ultramagnetic Studio."	Inner Ear Studios	Answer the following question without unnecessary details.	gemini-2.0-flash	gemini-2.0-flash	0.1	{'rouge2': {'f1': 0.0, 'precision': 0.0, 'recall': 0.0}, 'rougeL': {'f1': 0.05714285714285714, 'precision': 0.3333333333333333, 'recall': 0.03125}}	{'precision': -0.2744441330432892, 'recall': -0.20574307441711426, 'f1': -0.23832747340202332}	0.0
Where did The Call-Up record their self-titled EP?	"In March of 2005, with the help of former Super Friend, Charles Austin, The Call-Up recorded their self titled ep as ""Undecided"" in Halifax, Nova Scotia in Austin's Ultramagnetic Studio."	The Call-Up recorded their self-titled EP at Studio 4 in Conshohocken, PA.	Answer the following question. Keep your answer short.	gemini-2.0-flash	gemini-2.0-flash	0.4	{'rouge2': {'f1': 0.3181818181818182, 'precision': 0.5384615384615384, 'recall': 0.22580645161290322}, 'rougeL': {'f1': 0.391304347826087, 'precision': 0.6428571428571429, 'recall': 0.28125}}	{'precision': 0.1883823126554489, 'recall': 0.18622809648513794, 'f1': 0.18862521648406982}	0.3108343473724697
What non-academic achievement did Maria Felicia Gunawan accomplish in 2015?	However, there are also non academic achievers such as Maria Felicia Gunawan, who in 2015 was in charge of carrying the Indonesian Flag at the National Palace on Indonesia's independence day.	Maria Felicia Gunawan won the title of Miss Indonesia 2015.	Answer the following question.	gemini-2.0-flash	gemini-2.0-flash	0.3225806451612903	{'rouge2': {'f1': 0.09999999999999999, 'precision': 0.2222222222222222, 'recall': 0.06451612903225806}, 'rougeL': {'f1': 0.23809523809523808, 'precision': 0.5, 'recall': 0.15625}}	{'precision': 0.48773959279060364, 'recall': 0.16914038360118866, 'f1': 0.3247101902961731}	0.32533512587005275
What non-academic achievement did Maria Felicia Gunawan accomplish in 2015?	However, there are also non academic achievers such as Maria Felicia Gunawan, who in 2015 was in charge of carrying the Indonesian Flag at the National Palace on Indonesia's independence day.	Won the title of Miss Indonesia.	Answer the following question with a concise answer.	gemini-2.0-flash	gemini-2.0-flash	0.1935483870967742	{'rouge2': {'f1': 0.0, 'precision': 0.0, 'recall': 0.0}, 'rougeL': {'f1': 0.10526315789473684, 'precision': 0.3333333333333333, 'recall': 0.0625}}	{'precision': 0.21781635284423828, 'recall': 0.012000098824501038, 'f1': 0.11424754559993744}	0.17987419724818604
What non-academic achievement did Maria Felicia Gunawan accomplish in 2015?	However, there are also non academic achievers such as Maria Felicia Gunawan, who in 2015 was in charge of carrying the Indonesian Flag at the National Palace on Indonesia's independence day.	Maria Felicia Gunawan won the Miss Indonesia 2015 title.	Directly answer the following question.	gemini-2.0-flash	gemini-2.0-flash	0.2903225806451613	{'rouge2': {'f1': 0.10256410256410256, 'precision': 0.25, 'recall': 0.06451612903225806}, 'rougeL': {'f1': 0.24390243902439024, 'precision': 0.5555555555555556, 'recall': 0.15625}}	{'precision': 0.4466134309768677, 'recall': 0.1682235300540924, 'f1': 0.3048476278781891}	0.3209525314843345
What non-academic achievement did Maria Felicia Gunawan accomplish in 2015?	However, there are also non academic achievers such as Maria Felicia Gunawan, who in 2015 was in charge of carrying the Indonesian Flag at the National Palace on Indonesia's independence day.	Won Miss Indonesia.	Answer the following question without unnecessary details.	gemini-2.0-flash	gemini-2.0-flash	0.0967741935483871	{'rouge2': {'f1': 0.0, 'precision': 0.0, 'recall': 0.0}, 'rougeL': {'f1': 0.05714285714285714, 'precision': 0.3333333333333333, 'recall': 0.03125}}	{'precision': 0.3280070424079895, 'recall': -0.008662709966301918, 'f1': 0.155476376414299}	0.19091791170945366
What non-academic achievement did Maria Felicia Gunawan accomplish in 2015?	However, there are also non academic achievers such as Maria Felicia Gunawan, who in 2015 was in charge of carrying the Indonesian Flag at the National Palace on Indonesia's independence day.	She was crowned Miss Indonesia 2015.	Answer the following question. Keep your answer short.	gemini-2.0-flash	gemini-2.0-flash	0.1935483870967742	{'rouge2': {'f1': 0.0, 'precision': 0.0, 'recall': 0.0}, 'rougeL': {'f1': 0.10526315789473684, 'precision': 0.3333333333333333, 'recall': 0.0625}}	{'precision': 0.3338623046875, 'recall': 0.031353775411844254, 'f1': 0.17946560680866241}	0.21248322785254853
Who currently owns the Netscape brand name?	Netscape Internet Service is a discount Internet service provider by AOL, the current owners of the Netscape brand name, which is a registered trademark.	The Netscape brand name is currently owned by **AOL (now part of Yahoo)**.	Answer the following question.	gemini-2.0-flash	gemini-2.0-flash	0.5416666666666666	{'rouge2': {'f1': 0.22857142857142854, 'precision': 0.3333333333333333, 'recall': 0.17391304347826086}, 'rougeL': {'f1': 0.2702702702702703, 'precision': 0.38461538461538464, 'recall': 0.20833333333333334}}	{'precision': 0.25643691420555115, 'recall': 0.2549521327018738, 'f1': 0.25690343976020813}	0.2823931613215455
Who currently owns the Netscape brand name?	Netscape Internet Service is a discount Internet service provider by AOL, the current owners of the Netscape brand name, which is a registered trademark.	AOL (now part of Yahoo).	Answer the following question with a concise answer.	gemini-2.0-flash	gemini-2.0-flash	0.20833333333333334	{'rouge2': {'f1': 0.0, 'precision': 0.0, 'recall': 0.0}, 'rougeL': {'f1': 0.13793103448275862, 'precision': 0.4, 'recall': 0.08333333333333333}}	{'precision': 0.07511153072118759, 'recall': -0.10636456310749054, 'f1': -0.01565178483724594}	0.12651318804114714
Who currently owns the Netscape brand name?	Netscape Internet Service is a discount Internet service provider by AOL, the current owners of the Netscape brand name, which is a registered trademark.	AOL (now part of Yahoo).	Directly answer the following question.	gemini-2.0-flash	gemini-2.0-flash	0.20833333333333334	{'rouge2': {'f1': 0.0, 'precision': 0.0, 'recall': 0.0}, 'rougeL': {'f1': 0.13793103448275862, 'precision': 0.4, 'recall': 0.08333333333333333}}	{'precision': 0.07511153072118759, 'recall': -0.10636456310749054, 'f1': -0.01565178483724594}	0.12651318804114714
Who currently owns the Netscape brand name?	Netscape Internet Service is a discount Internet service provider by AOL, the current owners of the Netscape brand name, which is a registered trademark.	AOL (Yahoo).	Answer the following question without unnecessary details.	gemini-2.0-flash	gemini-2.0-flash	0.08333333333333333	{'rouge2': {'f1': 0.0, 'precision': 0.0, 'recall': 0.0}, 'rougeL': {'f1': 0.07692307692307693, 'precision': 0.5, 'recall': 0.041666666666666664}}	{'precision': -0.02733170986175537, 'recall': -0.2542620301246643, 'f1': -0.14163030683994293}	0.05162074401592598
Who currently owns the Netscape brand name?	Netscape Internet Service is a discount Internet service provider by AOL, the current owners of the Netscape brand name, which is a registered trademark.	AOL (now part of Yahoo).	Answer the following question. Keep your answer short.	gemini-2.0-flash	gemini-2.0-flash	0.20833333333333334	{'rouge2': {'f1': 0.0, 'precision': 0.0, 'recall': 0.0}, 'rougeL': {'f1': 0.13793103448275862, 'precision': 0.4, 'recall': 0.08333333333333333}}	{'precision': 0.07511153072118759, 'recall': -0.10636456310749054, 'f1': -0.01565178483724594}	0.12651318804114714
What was Sam Glucksberg investigating regarding people's response times to figurative versus literal speech?	He wanted to learn if people can respond to figurative speech with the same speed as literal speech.	Sam Glucksberg was investigating whether people take longer to process figurative language (like metaphors) compared to literal language. He was exploring the cognitive processes involved in understanding non-literal meanings.	Answer the following question.	gemini-2.0-flash	gemini-2.0-flash	1.6111111111111112	{'rouge2': {'f1': 0.0, 'precision': 0.0, 'recall': 0.0}, 'rougeL': {'f1': 0.20833333333333334, 'precision': 0.16666666666666666, 'recall': 0.2777777777777778}}	{'precision': 0.34159526228904724, 'recall': 0.5814821720123291, 'f1': 0.45975685119628906}	0.2521006478203668
What was Sam Glucksberg investigating regarding people's response times to figurative versus literal speech?	He wanted to learn if people can respond to figurative speech with the same speed as literal speech.	How context influences understanding of figurative language.	Answer the following question with a concise answer.	gemini-2.0-flash	gemini-2.0-flash	0.3888888888888889	{'rouge2': {'f1': 0.0, 'precision': 0.0, 'recall': 0.0}, 'rougeL': {'f1': 0.08, 'precision': 0.14285714285714285, 'recall': 0.05555555555555555}}	{'precision': 0.4071619212627411, 'recall': 0.30923858284950256, 'f1': 0.35878854990005493}	0.2725053860611386
What was Sam Glucksberg investigating regarding people's response times to figurative versus literal speech?	He wanted to learn if people can respond to figurative speech with the same speed as literal speech.	Sam Glucksberg was investigating whether people take longer to process figurative language (like metaphors) compared to literal language.	Directly answer the following question.	gemini-2.0-flash	gemini-2.0-flash	1.0	{'rouge2': {'f1': 0.0, 'precision': 0.0, 'recall': 0.0}, 'rougeL': {'f1': 0.2222222222222222, 'precision': 0.2222222222222222, 'recall': 0.2222222222222222}}	{'precision': 0.37036070227622986, 'recall': 0.6069973707199097, 'f1': 0.48693761229515076}	0.3323576950364643
What was Sam Glucksberg investigating regarding people's response times to figurative versus literal speech?	He wanted to learn if people can respond to figurative speech with the same speed as literal speech.	How context influences understanding of figurative language.	Answer the following question without unnecessary details.	gemini-2.0-flash	gemini-2.0-flash	0.3888888888888889	{'rouge2': {'f1': 0.0, 'precision': 0.0, 'recall': 0.0}, 'rougeL': {'f1': 0.08, 'precision': 0.14285714285714285, 'recall': 0.05555555555555555}}	{'precision': 0.4071619212627411, 'recall': 0.30923858284950256, 'f1': 0.35878854990005493}	0.2725053860611386
What was Sam Glucksberg investigating regarding people's response times to figurative versus literal speech?	He wanted to learn if people can respond to figurative speech with the same speed as literal speech.	Sam Glucksberg investigated whether people process figurative language (like metaphors) faster or slower than literal language.	Answer the following question. Keep your answer short.	gemini-2.0-flash	gemini-2.0-flash	0.8888888888888888	{'rouge2': {'f1': 0.0, 'precision': 0.0, 'recall': 0.0}, 'rougeL': {'f1': 0.17647058823529413, 'precision': 0.1875, 'recall': 0.16666666666666666}}	{'precision': 0.334104984998703, 'recall': 0.5990813970565796, 'f1': 0.4642208218574524}	0.313809757333955
With which YouTube channel was Flightsim.com previously in partnership?	The company was previously in partnership with a YouTube channel called 'cessna154' performing similar tasks.	The YouTube channel Flightsim.com was previously in partnership with was **TheFlightSimDeck**.	Answer the following question.	gemini-2.0-flash	gemini-2.0-flash	0.7333333333333333	{'rouge2': {'f1': 0.4, 'precision': 0.45454545454545453, 'recall': 0.35714285714285715}, 'rougeL': {'f1': 0.4444444444444445, 'precision': 0.5, 'recall': 0.4}}	{'precision': 0.29880082607269287, 'recall': 0.3528800308704376, 'f1': 0.3267977237701416}	0.3678433063295153
With which YouTube channel was Flightsim.com previously in partnership?	The company was previously in partnership with a YouTube channel called 'cessna154' performing similar tasks.	TheCorporatePilotDad	Answer the following question with a concise answer.	gemini-2.0-flash	gemini-2.0-flash	0.06666666666666667	{'rouge2': {'f1': 0.0, 'precision': 0.0, 'recall': 0.0}, 'rougeL': {'f1': 0.0, 'precision': 0.0, 'recall': 0.0}}	{'precision': -0.15123796463012695, 'recall': -0.09765975922346115, 'f1': -0.12276969105005264}	0.031948487808307016
With which YouTube channel was Flightsim.com previously in partnership?	The company was previously in partnership with a YouTube channel called 'cessna154' performing similar tasks.	The YouTube channel Flightsim.com was previously in partnership with is **TheFlightSimDeck**.	Directly answer the following question.	gemini-2.0-flash	gemini-2.0-flash	0.7333333333333333	{'rouge2': {'f1': 0.4, 'precision': 0.45454545454545453, 'recall': 0.35714285714285715}, 'rougeL': {'f1': 0.4444444444444445, 'precision': 0.5, 'recall': 0.4}}	{'precision': 0.2731306850910187, 'recall': 0.33285921812057495, 'f1': 0.3039587438106537}	0.3564238163497713
With which YouTube channel was Flightsim.com previously in partnership?	The company was previously in partnership with a YouTube channel called 'cessna154' performing similar tasks.	The FlightSim Channel	Answer the following question without unnecessary details.	gemini-2.0-flash	gemini-2.0-flash	0.2	{'rouge2': {'f1': 0.0, 'precision': 0.0, 'recall': 0.0}, 'rougeL': {'f1': 0.2222222222222222, 'precision': 0.6666666666666666, 'recall': 0.13333333333333333}}	{'precision': 0.028744583949446678, 'recall': -0.09882988035678864, 'f1': -0.034193143248558044}	0.1517923172646099
With which YouTube channel was Flightsim.com previously in partnership?	The company was previously in partnership with a YouTube channel called 'cessna154' performing similar tasks.	Airforceproud95	Answer the following question. Keep your answer short.	gemini-2.0-flash	gemini-2.0-flash	0.06666666666666667	{'rouge2': {'f1': 0.0, 'precision': 0.0, 'recall': 0.0}, 'rougeL': {'f1': 0.0, 'precision': 0.0, 'recall': 0.0}}	{'precision': -0.22312118113040924, 'recall': -0.08171386271715164, 'f1': -0.15158523619174957}	0.01754071523745855
What type of runners are allowed to participate in the Tel Aviv Gillette Marathon?	The Tel Aviv Gillette Marathon is a multi-course event allowing both professional and hobbyist runners to take part.	The Tel Aviv Gillette Marathon is open to runners of all levels, from professional athletes to amateur runners. There are different race distances available, catering to various abilities and experience levels.	Answer the following question.	gemini-2.0-flash	gemini-2.0-flash	1.7222222222222223	{'rouge2': {'f1': 0.20833333333333334, 'precision': 0.16666666666666666, 'recall': 0.2777777777777778}, 'rougeL': {'f1': 0.36, 'precision': 0.2903225806451613, 'recall': 0.47368421052631576}}	{'precision': 0.5031103491783142, 'recall': 0.6291288733482361, 'f1': 0.5661062598228455}	0.3548309076892005
What type of runners are allowed to participate in the Tel Aviv Gillette Marathon?	The Tel Aviv Gillette Marathon is a multi-course event allowing both professional and hobbyist runners to take part.	All runners are allowed to participate.	Answer the following question with a concise answer.	gemini-2.0-flash	gemini-2.0-flash	0.3333333333333333	{'rouge2': {'f1': 0.0, 'precision': 0.0, 'recall': 0.0}, 'rougeL': {'f1': 0.16, 'precision': 0.3333333333333333, 'recall': 0.10526315789473684}}	{'precision': 0.5008537769317627, 'recall': 0.1770390421152115, 'f1': 0.3350507616996765}	0.29819204751650497
What type of runners are allowed to participate in the Tel Aviv Gillette Marathon?	The Tel Aviv Gillette Marathon is a multi-course event allowing both professional and hobbyist runners to take part.	All types of runners are allowed to participate in the Tel Aviv Gillette Marathon.	Directly answer the following question.	gemini-2.0-flash	gemini-2.0-flash	0.7777777777777778	{'rouge2': {'f1': 0.2580645161290323, 'precision': 0.3076923076923077, 'recall': 0.2222222222222222}, 'rougeL': {'f1': 0.30303030303030304, 'precision': 0.35714285714285715, 'recall': 0.2631578947368421}}	{'precision': 0.5883323550224304, 'recall': 0.492236465215683, 'f1': 0.5406083464622498}	0.4137385166654683
What type of runners are allowed to participate in the Tel Aviv Gillette Marathon?	The Tel Aviv Gillette Marathon is a multi-course event allowing both professional and hobbyist runners to take part.	All runners who meet the age requirements and registration criteria are allowed.	Answer the following question without unnecessary details.	gemini-2.0-flash	gemini-2.0-flash	0.6666666666666666	{'rouge2': {'f1': 0.0, 'precision': 0.0, 'recall': 0.0}, 'rougeL': {'f1': 0.12903225806451615, 'precision': 0.16666666666666666, 'recall': 0.10526315789473684}}	{'precision': 0.1916176974773407, 'recall': 0.17025107145309448, 'f1': 0.18224216997623444}	0.17606732154725702
What type of runners are allowed to participate in the Tel Aviv Gillette Marathon?	The Tel Aviv Gillette Marathon is a multi-course event allowing both professional and hobbyist runners to take part.	All runners are allowed to participate.	Answer the following question. Keep your answer short.	gemini-2.0-flash	gemini-2.0-flash	0.3333333333333333	{'rouge2': {'f1': 0.0, 'precision': 0.0, 'recall': 0.0}, 'rougeL': {'f1': 0.16, 'precision': 0.3333333333333333, 'recall': 0.10526315789473684}}	{'precision': 0.5008537769317627, 'recall': 0.1770390421152115, 'f1': 0.3350507616996765}	0.29819204751650497
What is the affinity of the dimeric form of M2-PK to phosphoenolpyruvate (PEP) and its activity at physiological PEP concentrations?	In contrast, the dimeric form of M2-PK is characterized by a low affinity to phosphoenolpyruvate and is nearly inactive at physiological PEP concentrations.	The dimeric form of M2-PK has a **low affinity** for phosphoenolpyruvate (PEP). Consequently, its activity is **low** at physiological PEP concentrations. This is because the dimeric form is less efficient at binding PEP, the substrate, and therefore less efficient at catalyzing the reaction. The tetrameric form, in contrast, has a high affinity for PEP and is highly active. The balance between the dimeric and tetrameric forms of M2-PK is crucial for its role in cellular metabolism.	Answer the following question.	gemini-2.0-flash	gemini-2.0-flash	3.3043478260869565	{'rouge2': {'f1': 0.25999999999999995, 'precision': 0.16883116883116883, 'recall': 0.5652173913043478}, 'rougeL': {'f1': 0.29411764705882354, 'precision': 0.19230769230769232, 'recall': 0.625}}	{'precision': 0.32372280955314636, 'recall': 0.6130984425544739, 'f1': 0.4654116630554199}	0.11991810774254374
What is the affinity of the dimeric form of M2-PK to phosphoenolpyruvate (PEP) and its activity at physiological PEP concentrations?	In contrast, the dimeric form of M2-PK is characterized by a low affinity to phosphoenolpyruvate and is nearly inactive at physiological PEP concentrations.	The dimeric form of M2-PK has **low affinity** for PEP and **low activity** at physiological PEP concentrations.	Answer the following question with a concise answer.	gemini-2.0-flash	gemini-2.0-flash	0.7391304347826086	{'rouge2': {'f1': 0.45, 'precision': 0.5294117647058824, 'recall': 0.391304347826087}, 'rougeL': {'f1': 0.619047619047619, 'precision': 0.7222222222222222, 'recall': 0.5416666666666666}}	{'precision': 0.5854393839836121, 'recall': 0.4088767170906067, 'f1': 0.49653902649879456}	0.521975517390184
What is the affinity of the dimeric form of M2-PK to phosphoenolpyruvate (PEP) and its activity at physiological PEP concentrations?	In contrast, the dimeric form of M2-PK is characterized by a low affinity to phosphoenolpyruvate and is nearly inactive at physiological PEP concentrations.	The dimeric form of M2-PK has a **low affinity** for phosphoenolpyruvate (PEP) and exhibits **low activity** at physiological PEP concentrations.	Directly answer the following question.	gemini-2.0-flash	gemini-2.0-flash	0.8695652173913043	{'rouge2': {'f1': 0.46511627906976744, 'precision': 0.5, 'recall': 0.43478260869565216}, 'rougeL': {'f1': 0.6666666666666666, 'precision': 0.7142857142857143, 'recall': 0.625}}	{'precision': 0.6067634224891663, 'recall': 0.7129186987876892, 'f1': 0.6598930358886719}	0.6096566628718721
What is the affinity of the dimeric form of M2-PK to phosphoenolpyruvate (PEP) and its activity at physiological PEP concentrations?	In contrast, the dimeric form of M2-PK is characterized by a low affinity to phosphoenolpyruvate and is nearly inactive at physiological PEP concentrations.	Dimeric M2-PK has low affinity for PEP and low activity at physiological PEP concentrations.	Answer the following question without unnecessary details.	gemini-2.0-flash	gemini-2.0-flash	0.6086956521739131	{'rouge2': {'f1': 0.27027027027027023, 'precision': 0.35714285714285715, 'recall': 0.21739130434782608}, 'rougeL': {'f1': 0.5128205128205129, 'precision': 0.6666666666666666, 'recall': 0.4166666666666667}}	{'precision': 0.6784647703170776, 'recall': 0.2945360243320465, 'f1': 0.4805404245853424}	0.48452885220348507
What is the affinity of the dimeric form of M2-PK to phosphoenolpyruvate (PEP) and its activity at physiological PEP concentrations?	In contrast, the dimeric form of M2-PK is characterized by a low affinity to phosphoenolpyruvate and is nearly inactive at physiological PEP concentrations.	Dimeric M2-PK has a **low affinity** for PEP and **low activity** at physiological PEP concentrations.	Answer the following question. Keep your answer short.	gemini-2.0-flash	gemini-2.0-flash	0.6521739130434783	{'rouge2': {'f1': 0.31578947368421056, 'precision': 0.4, 'recall': 0.2608695652173913}, 'rougeL': {'f1': 0.5499999999999999, 'precision': 0.6875, 'recall': 0.4583333333333333}}	{'precision': 0.5048826336860657, 'recall': 0.2986392080783844, 'f1': 0.4007388949394226}	0.45515205616536347
What is Gregory Polanco's nationality and profession?	Gregory Jim Rutherford Polanco (born September 14, 1991) is a Dominican professional baseball outfielder.	Gregory Polanco is from the **Dominican Republic** and his profession is **professional baseball player**.	Answer the following question.	gemini-2.0-flash	gemini-2.0-flash	1.0	{'rouge2': {'f1': 0.07692307692307693, 'precision': 0.07692307692307693, 'recall': 0.07692307692307693}, 'rougeL': {'f1': 0.42857142857142855, 'precision': 0.42857142857142855, 'recall': 0.42857142857142855}}	{'precision': 0.07560819387435913, 'recall': -0.06828012317419052, 'f1': 0.004232645966112614}	0.17354489441162774
What is Gregory Polanco's nationality and profession?	Gregory Jim Rutherford Polanco (born September 14, 1991) is a Dominican professional baseball outfielder.	Dominican professional baseball player.	Answer the following question with a concise answer.	gemini-2.0-flash	gemini-2.0-flash	0.2857142857142857	{'rouge2': {'f1': 0.25, 'precision': 0.6666666666666666, 'recall': 0.15384615384615385}, 'rougeL': {'f1': 0.3333333333333333, 'precision': 0.75, 'recall': 0.21428571428571427}}	{'precision': 0.39158812165260315, 'recall': -0.3302200734615326, 'f1': 0.006052136421203613}	0.20778797297250656
What is Gregory Polanco's nationality and profession?	Gregory Jim Rutherford Polanco (born September 14, 1991) is a Dominican professional baseball outfielder.	Gregory Polanco is Dominican and a professional baseball player.	Directly answer the following question.	gemini-2.0-flash	gemini-2.0-flash	0.6428571428571429	{'rouge2': {'f1': 0.09523809523809525, 'precision': 0.125, 'recall': 0.07692307692307693}, 'rougeL': {'f1': 0.5217391304347826, 'precision': 0.6666666666666666, 'recall': 0.42857142857142855}}	{'precision': 0.45879796147346497, 'recall': -0.021906856447458267, 'f1': 0.20851212739944458}	0.34866600158792105
What is Gregory Polanco's nationality and profession?	Gregory Jim Rutherford Polanco (born September 14, 1991) is a Dominican professional baseball outfielder.	Dominican professional baseball player.	Answer the following question without unnecessary details.	gemini-2.0-flash	gemini-2.0-flash	0.2857142857142857	{'rouge2': {'f1': 0.25, 'precision': 0.6666666666666666, 'recall': 0.15384615384615385}, 'rougeL': {'f1': 0.3333333333333333, 'precision': 0.75, 'recall': 0.21428571428571427}}	{'precision': 0.39158812165260315, 'recall': -0.3302200734615326, 'f1': 0.006052136421203613}	0.20778797297250656
What is Gregory Polanco's nationality and profession?	Gregory Jim Rutherford Polanco (born September 14, 1991) is a Dominican professional baseball outfielder.	He is Dominican and a professional baseball player.	Answer the following question. Keep your answer short.	gemini-2.0-flash	gemini-2.0-flash	0.5714285714285714	{'rouge2': {'f1': 0.1, 'precision': 0.14285714285714285, 'recall': 0.07692307692307693}, 'rougeL': {'f1': 0.36363636363636365, 'precision': 0.5, 'recall': 0.2857142857142857}}	{'precision': 0.2984244227409363, 'recall': -0.22103634476661682, 'f1': 0.02670116350054741}	0.20166227006196205
Which comic strips were notable attempts to revive the full-page Sunday comic strip in the mid-1950s?	In the mid- 1950s, there were a few attempts to revive the full page Sunday comic strip, notably Lance and Johnny Reb and Billy Yank.	"Two notable comic strips that attempted to revive the full-page Sunday comic strip format in the mid-1950s were:  *   **Prince Valiant:** While *Prince Valiant* had been running since 1937, it remained a prominent example of the full-page format and continued to be a standard-bearer for this style during the 1950s.  *   **Hal Foster's adaptation of ""The Song of Hiawatha"":** In 1955, Hal Foster, the creator of *Prince Valiant*, adapted Henry Wadsworth Longfellow's poem ""The Song of Hiawatha"" into a full-page comic strip for a limited run. This was a specific, high-profile attempt to showcase the potential of the full-page format."	Answer the following question.	gemini-2.0-flash	gemini-2.0-flash	4.0	{'rouge2': {'f1': 0.16923076923076924, 'precision': 0.10377358490566038, 'recall': 0.4583333333333333}, 'rougeL': {'f1': 0.18181818181818182, 'precision': 0.11214953271028037, 'recall': 0.48}}	{'precision': -0.02143719047307968, 'recall': 0.3083924651145935, 'f1': 0.13953040540218353}	0.0
Which comic strips were notable attempts to revive the full-page Sunday comic strip in the mid-1950s?	In the mid- 1950s, there were a few attempts to revive the full page Sunday comic strip, notably Lance and Johnny Reb and Billy Yank.	*   **Prince Valiant** *   **Flash Gordon** *   **The Spirit**	Answer the following question with a concise answer.	gemini-2.0-flash	gemini-2.0-flash	0.36	{'rouge2': {'f1': 0.0, 'precision': 0.0, 'recall': 0.0}, 'rougeL': {'f1': 0.06451612903225806, 'precision': 0.16666666666666666, 'recall': 0.04}}	{'precision': -0.4815649092197418, 'recall': -0.09194746613502502, 'f1': -0.29280659556388855}	0.0
Which comic strips were notable attempts to revive the full-page Sunday comic strip in the mid-1950s?	In the mid- 1950s, there were a few attempts to revive the full page Sunday comic strip, notably Lance and Johnny Reb and Billy Yank.	*   **Prince Valiant** *   **Flash Gordon** *   **Rip Kirby**	Directly answer the following question.	gemini-2.0-flash	gemini-2.0-flash	0.36	{'rouge2': {'f1': 0.0, 'precision': 0.0, 'recall': 0.0}, 'rougeL': {'f1': 0.0, 'precision': 0.0, 'recall': 0.0}}	{'precision': -0.5230013132095337, 'recall': -0.11809087544679642, 'f1': -0.32725790143013}	0.0
Which comic strips were notable attempts to revive the full-page Sunday comic strip in the mid-1950s?	In the mid- 1950s, there were a few attempts to revive the full page Sunday comic strip, notably Lance and Johnny Reb and Billy Yank.	*   *Prince Valiant* *   *Flash Gordon* *   *The Spirit*	Answer the following question without unnecessary details.	gemini-2.0-flash	gemini-2.0-flash	0.36	{'rouge2': {'f1': 0.0, 'precision': 0.0, 'recall': 0.0}, 'rougeL': {'f1': 0.06451612903225806, 'precision': 0.16666666666666666, 'recall': 0.04}}	{'precision': -0.4258688986301422, 'recall': -0.0684385895729065, 'f1': -0.25192031264305115}	0.0
Which comic strips were notable attempts to revive the full-page Sunday comic strip in the mid-1950s?	In the mid- 1950s, there were a few attempts to revive the full page Sunday comic strip, notably Lance and Johnny Reb and Billy Yank.	*   **Prince Valiant** *   **Flash Gordon** *   **Rip Kirby**	Answer the following question. Keep your answer short.	gemini-2.0-flash	gemini-2.0-flash	0.36	{'rouge2': {'f1': 0.0, 'precision': 0.0, 'recall': 0.0}, 'rougeL': {'f1': 0.0, 'precision': 0.0, 'recall': 0.0}}	{'precision': -0.5230013132095337, 'recall': -0.11809087544679642, 'f1': -0.32725790143013}	0.0
Is it always the case that the field and its derivative are zero on the back side of the opaque screen in the derivation of Kirchhoff's diffraction formula?	This is not the case, and this is one of the approximations used in deriving the equation.	"No, it is **not always the case** that the field and its derivative are zero on the back side of the opaque screen in the derivation of Kirchhoff's diffraction formula. This is a crucial point and a significant approximation in the Kirchhoff theory.  Here's why:  * **Kirchhoff Boundary Conditions are Approximations:** The Kirchhoff diffraction formula relies on specific boundary conditions applied at the aperture and the opaque screen.  These boundary conditions are:     * **In the aperture:** The field *U* and its normal derivative ∂*U*/∂*n* are equal to the undisturbed field and its derivative as if the screen were not present.     * **On the opaque screen:**  *U* = 0 and ∂*U*/∂*n* = 0.  * **Physical Reality:**  In reality, the field doesn't abruptly drop to zero at the edge of the aperture or on the back side of the screen.  There will always be some penetration of the field into the ""shadow"" region due to diffraction and scattering.  The field and its derivative will be small, but generally non-zero.  * **The Inconsistency:** The assumption of *U* = 0 and ∂*U*/∂*n* = 0 on the back side of the screen is inconsistent with the Helmholtz-Kirchhoff integral theorem itself.  The theorem requires knowledge of the field and its derivative *everywhere* on the closed surface.  By setting them to zero on the back side, we are essentially making an assumption about the solution that might not be valid.  * **Why it Works (Sometimes):** Despite the inconsistency, the Kirchhoff approximation often provides reasonably accurate results, especially when:     * The wavelength of light is much smaller than the dimensions of the aperture.     * The observation point is not too close to the aperture.     * We are interested in the far-field diffraction pattern.  * **More Accurate Theories:** More sophisticated diffraction theories, such as the Rayleigh-Sommerfeld diffraction theory, use different boundary conditions that are more physically realistic and avoid the inconsistency of the Kirchhoff approach.  These theories often provide more accurate results, especially when the Kirchhoff approximation breaks down.  **In summary:** The assumption of zero field and derivative on the back side of the screen is a simplifying approximation in the Kirchhoff diffraction formula. It's not always true, and it introduces an inconsistency into the theory. However, it often provides a useful and reasonably accurate approximation under certain conditions."	Answer the following question.	gemini-2.0-flash	gemini-2.0-flash	22.352941176470587	{'rouge2': {'f1': 0.02040816326530612, 'precision': 0.010638297872340425, 'recall': 0.25}, 'rougeL': {'f1': 0.07106598984771573, 'precision': 0.03713527851458886, 'recall': 0.8235294117647058}}	{'precision': -0.4963080883026123, 'recall': 0.2620662450790405, 'f1': -0.14508353173732758}	0.0
Is it always the case that the field and its derivative are zero on the back side of the opaque screen in the derivation of Kirchhoff's diffraction formula?	This is not the case, and this is one of the approximations used in deriving the equation.	Yes, in the standard derivation, it's assumed the field and its derivative are zero on the back side of the opaque screen.	Answer the following question with a concise answer.	gemini-2.0-flash	gemini-2.0-flash	1.2941176470588236	{'rouge2': {'f1': 0.052631578947368425, 'precision': 0.045454545454545456, 'recall': 0.0625}, 'rougeL': {'f1': 0.19999999999999998, 'precision': 0.17391304347826086, 'recall': 0.23529411764705882}}	{'precision': 0.1431456059217453, 'recall': 0.17169462144374847, 'f1': 0.15874983370304108}	0.1299631521456382
Is it always the case that the field and its derivative are zero on the back side of the opaque screen in the derivation of Kirchhoff's diffraction formula?	This is not the case, and this is one of the approximations used in deriving the equation.	Yes.	Directly answer the following question.	gemini-2.0-flash	gemini-2.0-flash	0.058823529411764705	{'rouge2': {'f1': 0.0, 'precision': 0.0, 'recall': 0.0}, 'rougeL': {'f1': 0.0, 'precision': 0.0, 'recall': 0.0}}	{'precision': 0.5311304330825806, 'recall': -0.1100270226597786, 'f1': 0.191878542304039}	0.19005691821084303
Is it always the case that the field and its derivative are zero on the back side of the opaque screen in the derivation of Kirchhoff's diffraction formula?	This is not the case, and this is one of the approximations used in deriving the equation.	Yes.	Answer the following question without unnecessary details.	gemini-2.0-flash	gemini-2.0-flash	0.058823529411764705	{'rouge2': {'f1': 0.0, 'precision': 0.0, 'recall': 0.0}, 'rougeL': {'f1': 0.0, 'precision': 0.0, 'recall': 0.0}}	{'precision': 0.5311304330825806, 'recall': -0.1100270226597786, 'f1': 0.191878542304039}	0.19005691821084303
Is it always the case that the field and its derivative are zero on the back side of the opaque screen in the derivation of Kirchhoff's diffraction formula?	This is not the case, and this is one of the approximations used in deriving the equation.	Yes, they are assumed to be zero.	Answer the following question. Keep your answer short.	gemini-2.0-flash	gemini-2.0-flash	0.4117647058823529	{'rouge2': {'f1': 0.0, 'precision': 0.0, 'recall': 0.0}, 'rougeL': {'f1': 0.0, 'precision': 0.0, 'recall': 0.0}}	{'precision': 0.24025005102157593, 'recall': 0.0855383351445198, 'f1': 0.1630788892507553}	0.14036297403714237
Where are researchers seeking to ascertain the relationship of religion to ancient politics?	These researchers are also seeking to ascertain the relationship of religion to ancient politics more generally, at sites in both Wisconsin and the Cahokia area.	Researchers are seeking to ascertain the relationship of religion to ancient politics in a variety of places, including:  *   **Archaeological sites:** Excavations of temples, palaces, and other ancient structures can provide evidence of religious practices and their connection to political power. *   **Ancient texts:** Religious and political texts from ancient civilizations offer insights into the beliefs, rituals, and institutions that shaped their societies. *   **Museums and collections:** Artifacts and artworks with religious or political significance can shed light on the interplay between these two spheres. *   **Universities and research institutions:** Scholars in fields such as history, archaeology, religious studies, and political science conduct research and publish findings on this topic. *   **Libraries and archives:** These repositories hold a wealth of primary and secondary sources related to ancient religion and politics.	Answer the following question.	gemini-2.0-flash	gemini-2.0-flash	5.2	{'rouge2': {'f1': 0.13513513513513511, 'precision': 0.08064516129032258, 'recall': 0.4166666666666667}, 'rougeL': {'f1': 0.19999999999999998, 'precision': 0.12, 'recall': 0.6}}	{'precision': -0.10327737778425217, 'recall': 0.3397027254104614, 'f1': 0.10996298491954803}	0.0
Where are researchers seeking to ascertain the relationship of religion to ancient politics?	These researchers are also seeking to ascertain the relationship of religion to ancient politics more generally, at sites in both Wisconsin and the Cahokia area.	Archaeological sites and ancient texts.	Answer the following question with a concise answer.	gemini-2.0-flash	gemini-2.0-flash	0.2	{'rouge2': {'f1': 0.0, 'precision': 0.0, 'recall': 0.0}, 'rougeL': {'f1': 0.13333333333333333, 'precision': 0.4, 'recall': 0.08}}	{'precision': 0.2324300855398178, 'recall': 0.08508910238742828, 'f1': 0.1590595543384552}	0.21286311050256096
Where are researchers seeking to ascertain the relationship of religion to ancient politics?	These researchers are also seeking to ascertain the relationship of religion to ancient politics more generally, at sites in both Wisconsin and the Cahokia area.	The question is too broad to give a single, specific location. Researchers are seeking to ascertain the relationship of religion to ancient politics in **various locations and academic institutions worldwide**, depending on the specific ancient culture and political system they are studying.	Directly answer the following question.	gemini-2.0-flash	gemini-2.0-flash	1.68	{'rouge2': {'f1': 0.30769230769230765, 'precision': 0.24390243902439024, 'recall': 0.4166666666666667}, 'rougeL': {'f1': 0.44776119402985076, 'precision': 0.35714285714285715, 'recall': 0.6}}	{'precision': 0.2616826593875885, 'recall': 0.450133353471756, 'f1': 0.35528305172920227}	0.28874600347654145
Where are researchers seeking to ascertain the relationship of religion to ancient politics?	These researchers are also seeking to ascertain the relationship of religion to ancient politics more generally, at sites in both Wisconsin and the Cahokia area.	Archaeological sites and ancient texts.	Answer the following question without unnecessary details.	gemini-2.0-flash	gemini-2.0-flash	0.2	{'rouge2': {'f1': 0.0, 'precision': 0.0, 'recall': 0.0}, 'rougeL': {'f1': 0.13333333333333333, 'precision': 0.4, 'recall': 0.08}}	{'precision': 0.2324300855398178, 'recall': 0.08508910238742828, 'f1': 0.1590595543384552}	0.21286311050256096
Where are researchers seeking to ascertain the relationship of religion to ancient politics?	These researchers are also seeking to ascertain the relationship of religion to ancient politics more generally, at sites in both Wisconsin and the Cahokia area.	The question is too broad to answer definitively with a single location. Researchers are likely exploring this relationship in various places with relevant archaeological sites, texts, and historical records.	Answer the following question. Keep your answer short.	gemini-2.0-flash	gemini-2.0-flash	1.16	{'rouge2': {'f1': 0.03846153846153846, 'precision': 0.03571428571428571, 'recall': 0.041666666666666664}, 'rougeL': {'f1': 0.1851851851851852, 'precision': 0.1724137931034483, 'recall': 0.2}}	{'precision': 0.2465856969356537, 'recall': 0.288292795419693, 'f1': 0.26854681968688965}	0.1923474839175189
In which league is Amsterdamsche FC currently playing?	The club was founded in 1895, is currently playing in the Topklasse, the highest tier of football in the Netherlands.	Amsterdamsche FC is currently playing in the Tweede Divisie.	Answer the following question.	gemini-2.0-flash	gemini-2.0-flash	0.45	{'rouge2': {'f1': 0.2962962962962963, 'precision': 0.5, 'recall': 0.21052631578947367}, 'rougeL': {'f1': 0.3448275862068966, 'precision': 0.5555555555555556, 'recall': 0.25}}	{'precision': 0.30060458183288574, 'recall': 0.314339280128479, 'f1': 0.30858832597732544}	0.3472251974714214
In which league is Amsterdamsche FC currently playing?	The club was founded in 1895, is currently playing in the Topklasse, the highest tier of football in the Netherlands.	Tweede Divisie	Answer the following question with a concise answer.	gemini-2.0-flash	gemini-2.0-flash	0.1	{'rouge2': {'f1': 0.0, 'precision': 0.0, 'recall': 0.0}, 'rougeL': {'f1': 0.0, 'precision': 0.0, 'recall': 0.0}}	{'precision': -0.32235732674598694, 'recall': -0.10016448050737381, 'f1': -0.21189576387405396}	0.0
In which league is Amsterdamsche FC currently playing?	The club was founded in 1895, is currently playing in the Topklasse, the highest tier of football in the Netherlands.	Tweede Divisie	Directly answer the following question.	gemini-2.0-flash	gemini-2.0-flash	0.1	{'rouge2': {'f1': 0.0, 'precision': 0.0, 'recall': 0.0}, 'rougeL': {'f1': 0.0, 'precision': 0.0, 'recall': 0.0}}	{'precision': -0.32235732674598694, 'recall': -0.10016448050737381, 'f1': -0.21189576387405396}	0.0
In which league is Amsterdamsche FC currently playing?	The club was founded in 1895, is currently playing in the Topklasse, the highest tier of football in the Netherlands.	Tweede Divisie	Answer the following question without unnecessary details.	gemini-2.0-flash	gemini-2.0-flash	0.1	{'rouge2': {'f1': 0.0, 'precision': 0.0, 'recall': 0.0}, 'rougeL': {'f1': 0.0, 'precision': 0.0, 'recall': 0.0}}	{'precision': -0.32235732674598694, 'recall': -0.10016448050737381, 'f1': -0.21189576387405396}	0.0
In which league is Amsterdamsche FC currently playing?	The club was founded in 1895, is currently playing in the Topklasse, the highest tier of football in the Netherlands.	Tweede Divisie	Answer the following question. Keep your answer short.	gemini-2.0-flash	gemini-2.0-flash	0.1	{'rouge2': {'f1': 0.0, 'precision': 0.0, 'recall': 0.0}, 'rougeL': {'f1': 0.0, 'precision': 0.0, 'recall': 0.0}}	{'precision': -0.32235732674598694, 'recall': -0.10016448050737381, 'f1': -0.21189576387405396}	0.0
What distinctions did the Monterrey Steel hold regarding their participation in American arena/indoor football leagues?	The Steel were the first team from Mexico to play in an American arena/indoor football league, as well as the first team from outside the United States to play in one since the Toronto Phantoms of the Arena Football League (2001-2002).	The Monterrey Steel, during their brief existence, held the distinction of being:  *   **One of the few Mexican teams to participate in a major American arena/indoor football league.** They were part of the National Arena League (NAL). This made them a unique entity, bridging the gap between American and Mexican football markets. *   **A team that faced significant logistical and financial challenges due to their location.** Being based in Monterrey, Mexico, presented hurdles related to travel, visas, and potentially differing business practices compared to their American counterparts. *   **A team with a relatively short lifespan.** They only played for one season (2017) before ceasing operations. This makes them a notable, but ultimately short-lived, experiment in cross-border arena football.	Answer the following question.	gemini-2.0-flash	gemini-2.0-flash	2.8780487804878048	{'rouge2': {'f1': 0.07547169811320754, 'precision': 0.05128205128205128, 'recall': 0.14285714285714285}, 'rougeL': {'f1': 0.2236024844720497, 'precision': 0.15254237288135594, 'recall': 0.4186046511627907}}	{'precision': 0.0006353332428261638, 'recall': 0.3436715304851532, 'f1': 0.16775546967983246}	0.0
What distinctions did the Monterrey Steel hold regarding their participation in American arena/indoor football leagues?	The Steel were the first team from Mexico to play in an American arena/indoor football league, as well as the first team from outside the United States to play in one since the Toronto Phantoms of the Arena Football League (2001-2002).	The Monterrey Steel were the first Mexican team to participate in a US-based arena/indoor football league.	Answer the following question with a concise answer.	gemini-2.0-flash	gemini-2.0-flash	0.3902439024390244	{'rouge2': {'f1': 0.20338983050847456, 'precision': 0.35294117647058826, 'recall': 0.14285714285714285}, 'rougeL': {'f1': 0.3934426229508197, 'precision': 0.6666666666666666, 'recall': 0.27906976744186046}}	{'precision': 0.6189026236534119, 'recall': 0.41370365023612976, 'f1': 0.515156626701355}	0.47593097228710296
What distinctions did the Monterrey Steel hold regarding their participation in American arena/indoor football leagues?	The Steel were the first team from Mexico to play in an American arena/indoor football league, as well as the first team from outside the United States to play in one since the Toronto Phantoms of the Arena Football League (2001-2002).	The Monterrey Steel were the first professional indoor football team from Mexico to participate in an American league.	Directly answer the following question.	gemini-2.0-flash	gemini-2.0-flash	0.43902439024390244	{'rouge2': {'f1': 0.30508474576271183, 'precision': 0.5294117647058824, 'recall': 0.21428571428571427}, 'rougeL': {'f1': 0.4262295081967213, 'precision': 0.7222222222222222, 'recall': 0.3023255813953488}}	{'precision': 0.591524600982666, 'recall': 0.3897066116333008, 'f1': 0.4895651340484619}	0.4713719312785292
What distinctions did the Monterrey Steel hold regarding their participation in American arena/indoor football leagues?	The Steel were the first team from Mexico to play in an American arena/indoor football league, as well as the first team from outside the United States to play in one since the Toronto Phantoms of the Arena Football League (2001-2002).	The Monterrey Steel were the first Mexican team in an American arena/indoor football league.	Answer the following question without unnecessary details.	gemini-2.0-flash	gemini-2.0-flash	0.34146341463414637	{'rouge2': {'f1': 0.32142857142857145, 'precision': 0.6428571428571429, 'recall': 0.21428571428571427}, 'rougeL': {'f1': 0.44827586206896547, 'precision': 0.8666666666666667, 'recall': 0.3023255813953488}}	{'precision': 0.6451572179794312, 'recall': 0.37591952085494995, 'f1': 0.5080051422119141}	0.49916657447012863
What distinctions did the Monterrey Steel hold regarding their participation in American arena/indoor football leagues?	The Steel were the first team from Mexico to play in an American arena/indoor football league, as well as the first team from outside the United States to play in one since the Toronto Phantoms of the Arena Football League (2001-2002).	The Monterrey Steel were the first Mexican team to play in a U.S.-based arena/indoor football league.	Answer the following question. Keep your answer short.	gemini-2.0-flash	gemini-2.0-flash	0.3902439024390244	{'rouge2': {'f1': 0.26666666666666666, 'precision': 0.4444444444444444, 'recall': 0.19047619047619047}, 'rougeL': {'f1': 0.41935483870967744, 'precision': 0.6842105263157895, 'recall': 0.3023255813953488}}	{'precision': 0.6372986435890198, 'recall': 0.4340636432170868, 'f1': 0.5345470309257507}	0.4959910607028439
When was the Hämeenmaa class minelayer commissioned?	Laid down on 2 April, 1991, launched on 11 November, 1991 and commissioned on 15 April, 1992.	The Hämeenmaa class minelayers were commissioned in the late 1940s. Specifically, the Hämeenmaa was commissioned in 1947 and the Uusimaa in 1948.	Answer the following question.	gemini-2.0-flash	gemini-2.0-flash	1.2941176470588236	{'rouge2': {'f1': 0.0, 'precision': 0.0, 'recall': 0.0}, 'rougeL': {'f1': 0.048780487804878044, 'precision': 0.041666666666666664, 'recall': 0.058823529411764705}}	{'precision': -0.03289653733372688, 'recall': 0.163344606757164, 'f1': 0.06482499837875366}	0.022512929605445695
When was the Hämeenmaa class minelayer commissioned?	Laid down on 2 April, 1991, launched on 11 November, 1991 and commissioned on 15 April, 1992.	The Hämeenmaa class minelayers were commissioned in 1992.	Answer the following question with a concise answer.	gemini-2.0-flash	gemini-2.0-flash	0.47058823529411764	{'rouge2': {'f1': 0.0, 'precision': 0.0, 'recall': 0.0}, 'rougeL': {'f1': 0.15384615384615383, 'precision': 0.2222222222222222, 'recall': 0.11764705882352941}}	{'precision': 0.02267000637948513, 'recall': 0.14235106110572815, 'f1': 0.08329183608293533}	0.15612555605051745
When was the Hämeenmaa class minelayer commissioned?	Laid down on 2 April, 1991, launched on 11 November, 1991 and commissioned on 15 April, 1992.	The Hämeenmaa class minelayer was commissioned on April 23, 1992.	Directly answer the following question.	gemini-2.0-flash	gemini-2.0-flash	0.5882352941176471	{'rouge2': {'f1': 0.07692307692307693, 'precision': 0.1, 'recall': 0.0625}, 'rougeL': {'f1': 0.2857142857142857, 'precision': 0.36363636363636365, 'recall': 0.23529411764705882}}	{'precision': 0.14058658480644226, 'recall': 0.3890780508518219, 'f1': 0.26306822896003723}	0.2869962993539682
When was the Hämeenmaa class minelayer commissioned?	Laid down on 2 April, 1991, launched on 11 November, 1991 and commissioned on 15 April, 1992.	1992	Answer the following question without unnecessary details.	gemini-2.0-flash	gemini-2.0-flash	0.058823529411764705	{'rouge2': {'f1': 0.0, 'precision': 0.0, 'recall': 0.0}, 'rougeL': {'f1': 0.1111111111111111, 'precision': 1.0, 'recall': 0.058823529411764705}}	{'precision': -0.009956265799701214, 'recall': -0.39569517970085144, 'f1': -0.20873002707958221}	0.03419707796347687
When was the Hämeenmaa class minelayer commissioned?	Laid down on 2 April, 1991, launched on 11 November, 1991 and commissioned on 15 April, 1992.	The Hämeenmaa class minelayers were commissioned in 1992.	Answer the following question. Keep your answer short.	gemini-2.0-flash	gemini-2.0-flash	0.47058823529411764	{'rouge2': {'f1': 0.0, 'precision': 0.0, 'recall': 0.0}, 'rougeL': {'f1': 0.15384615384615383, 'precision': 0.2222222222222222, 'recall': 0.11764705882352941}}	{'precision': 0.02267000637948513, 'recall': 0.14235106110572815, 'f1': 0.08329183608293533}	0.15612555605051745
What were the intended uses of the Tupolev ANT-7?	The requirements were that it could be used for long-range transport, defensive patrolling, reconnaissance, light bombing and torpedo attack.	The Tupolev ANT-7, also known as the Tupolev R-6, was primarily intended for the following uses:  *   **Reconnaissance:** This was its main role. It was designed to perform long-range reconnaissance missions, gathering intelligence on enemy positions and activities. *   **Light Bomber:** While primarily a reconnaissance aircraft, it could also be used as a light bomber, carrying a small bomb load for tactical strikes. *   **Escort Fighter:** It was sometimes used to escort bomber formations, providing them with fighter cover. *   **Torpedo Bomber:** A specialized variant was developed as a torpedo bomber for naval operations. *   **Civilian Transport:** Some ANT-7s were converted for civilian use as passenger and cargo transports.	Answer the following question.	gemini-2.0-flash	gemini-2.0-flash	5.7368421052631575	{'rouge2': {'f1': 0.04761904761904762, 'precision': 0.028037383177570093, 'recall': 0.15789473684210525}, 'rougeL': {'f1': 0.125, 'precision': 0.07407407407407407, 'recall': 0.4}}	{'precision': -0.09731175750494003, 'recall': 0.39598169922828674, 'f1': 0.1387820541858673}	0.0
What were the intended uses of the Tupolev ANT-7?	The requirements were that it could be used for long-range transport, defensive patrolling, reconnaissance, light bombing and torpedo attack.	Reconnaissance, escort fighter, and light bomber.	Answer the following question with a concise answer.	gemini-2.0-flash	gemini-2.0-flash	0.3157894736842105	{'rouge2': {'f1': 0.0, 'precision': 0.0, 'recall': 0.0}, 'rougeL': {'f1': 0.15384615384615383, 'precision': 0.3333333333333333, 'recall': 0.1}}	{'precision': 0.44051870703697205, 'recall': 0.22968171536922455, 'f1': 0.3340703845024109}	0.2969947064212459
What were the intended uses of the Tupolev ANT-7?	The requirements were that it could be used for long-range transport, defensive patrolling, reconnaissance, light bombing and torpedo attack.	The Tupolev ANT-7 was intended for use as a long-range escort fighter, reconnaissance aircraft, and light bomber.	Directly answer the following question.	gemini-2.0-flash	gemini-2.0-flash	0.8947368421052632	{'rouge2': {'f1': 0.05405405405405406, 'precision': 0.05555555555555555, 'recall': 0.05263157894736842}, 'rougeL': {'f1': 0.3076923076923077, 'precision': 0.3157894736842105, 'recall': 0.3}}	{'precision': 0.35409852862358093, 'recall': 0.4721618890762329, 'f1': 0.4134353995323181}	0.3403209386325558
What were the intended uses of the Tupolev ANT-7?	The requirements were that it could be used for long-range transport, defensive patrolling, reconnaissance, light bombing and torpedo attack.	Reconnaissance, escort fighter, and light bomber.	Answer the following question without unnecessary details.	gemini-2.0-flash	gemini-2.0-flash	0.3157894736842105	{'rouge2': {'f1': 0.0, 'precision': 0.0, 'recall': 0.0}, 'rougeL': {'f1': 0.15384615384615383, 'precision': 0.3333333333333333, 'recall': 0.1}}	{'precision': 0.44051870703697205, 'recall': 0.22968171536922455, 'f1': 0.3340703845024109}	0.2969947064212459
What were the intended uses of the Tupolev ANT-7?	The requirements were that it could be used for long-range transport, defensive patrolling, reconnaissance, light bombing and torpedo attack.	Reconnaissance, escort fighter, and light bomber.	Answer the following question. Keep your answer short.	gemini-2.0-flash	gemini-2.0-flash	0.3157894736842105	{'rouge2': {'f1': 0.0, 'precision': 0.0, 'recall': 0.0}, 'rougeL': {'f1': 0.15384615384615383, 'precision': 0.3333333333333333, 'recall': 0.1}}	{'precision': 0.44051870703697205, 'recall': 0.22968171536922455, 'f1': 0.3340703845024109}	0.2969947064212459
What is the purpose of Sensory Stimulation Therapy (SS)?	Sensory Stimulation Therapy (SS) is an experimental therapy that aims to utilize neural plasticity mechanisms to aid in the recovery of somatosensory system function after stroke or cognitive ageing.	The purpose of Sensory Stimulation Therapy (SS) is to **improve a person's awareness, responsiveness, and overall well-being by providing controlled and meaningful sensory experiences.**  Here's a more detailed breakdown:  *   **Increase Awareness:** SS aims to awaken and stimulate the senses (sight, sound, touch, taste, smell, and movement) to help individuals become more aware of themselves and their environment. *   **Enhance Responsiveness:** By providing sensory input, SS can encourage individuals to react and respond to stimuli, even if they have limited communication or physical abilities. *   **Promote Relaxation and Comfort:** Certain sensory experiences, such as gentle touch or calming music, can help reduce anxiety, agitation, and pain, promoting relaxation and a sense of comfort. *   **Improve Cognitive Function:** SS can help improve attention, memory, and other cognitive functions by stimulating the brain and encouraging neural connections. *   **Enhance Communication:** By increasing awareness and responsiveness, SS can facilitate communication, even if it's non-verbal. *   **Improve Mood and Emotional Well-being:** Sensory experiences can evoke positive emotions and memories, improving mood and overall emotional well-being. *   **Maintain or Improve Physical Function:** Sensory stimulation can sometimes help maintain or improve physical function by encouraging movement and coordination.  SS is often used with individuals who have:  *   Dementia *   Brain injuries *   Developmental disabilities *   Coma or vegetative state *   Other conditions that affect sensory processing or awareness.	Answer the following question.	gemini-2.0-flash	gemini-2.0-flash	7.655172413793103	{'rouge2': {'f1': 0.040983606557377046, 'precision': 0.023148148148148147, 'recall': 0.17857142857142858}, 'rougeL': {'f1': 0.08943089430894309, 'precision': 0.05069124423963134, 'recall': 0.3793103448275862}}	{'precision': -0.298693984746933, 'recall': 0.22607550024986267, 'f1': -0.0486445277929306}	0.0
What is the purpose of Sensory Stimulation Therapy (SS)?	Sensory Stimulation Therapy (SS) is an experimental therapy that aims to utilize neural plasticity mechanisms to aid in the recovery of somatosensory system function after stroke or cognitive ageing.	To activate and stimulate senses to improve awareness, mood, and cognitive function.	Answer the following question with a concise answer.	gemini-2.0-flash	gemini-2.0-flash	0.41379310344827586	{'rouge2': {'f1': 0.0, 'precision': 0.0, 'recall': 0.0}, 'rougeL': {'f1': 0.14634146341463414, 'precision': 0.25, 'recall': 0.10344827586206896}}	{'precision': 0.349698930978775, 'recall': 0.08189497143030167, 'f1': 0.21358953416347504}	0.2239520421027636
What is the purpose of Sensory Stimulation Therapy (SS)?	Sensory Stimulation Therapy (SS) is an experimental therapy that aims to utilize neural plasticity mechanisms to aid in the recovery of somatosensory system function after stroke or cognitive ageing.	The purpose of Sensory Stimulation Therapy (SS) is to improve awareness, mood, and cognitive function by providing controlled sensory experiences to individuals with neurological impairments or sensory deprivation.	Directly answer the following question.	gemini-2.0-flash	gemini-2.0-flash	0.9655172413793104	{'rouge2': {'f1': 0.14545454545454545, 'precision': 0.14814814814814814, 'recall': 0.14285714285714285}, 'rougeL': {'f1': 0.28070175438596495, 'precision': 0.2857142857142857, 'recall': 0.27586206896551724}}	{'precision': 0.3811953365802765, 'recall': 0.38292253017425537, 'f1': 0.3830631375312805}	0.3072605463820952
What is the purpose of Sensory Stimulation Therapy (SS)?	Sensory Stimulation Therapy (SS) is an experimental therapy that aims to utilize neural plasticity mechanisms to aid in the recovery of somatosensory system function after stroke or cognitive ageing.	To improve awareness, mood, and behavior through controlled sensory input.	Answer the following question without unnecessary details.	gemini-2.0-flash	gemini-2.0-flash	0.3448275862068966	{'rouge2': {'f1': 0.0, 'precision': 0.0, 'recall': 0.0}, 'rougeL': {'f1': 0.05128205128205129, 'precision': 0.1, 'recall': 0.034482758620689655}}	{'precision': 0.3251742422580719, 'recall': 0.056941840797662735, 'f1': 0.1888628900051117}	0.1804615068946867
What is the purpose of Sensory Stimulation Therapy (SS)?	Sensory Stimulation Therapy (SS) is an experimental therapy that aims to utilize neural plasticity mechanisms to aid in the recovery of somatosensory system function after stroke or cognitive ageing.	To activate and stimulate senses to improve awareness, mood, and cognitive function.	Answer the following question. Keep your answer short.	gemini-2.0-flash	gemini-2.0-flash	0.41379310344827586	{'rouge2': {'f1': 0.0, 'precision': 0.0, 'recall': 0.0}, 'rougeL': {'f1': 0.14634146341463414, 'precision': 0.25, 'recall': 0.10344827586206896}}	{'precision': 0.349698930978775, 'recall': 0.08189497143030167, 'f1': 0.21358953416347504}	0.2239520421027636
